<monitors version="1">
   <configuration>
      <clone>no</clone>
      <output name="VNC-0">
         <vendor>???</vendor>
         <product>0x0000</product>
         <serial>0x00000000</serial>
         <width>1024</width>
         <height>768</height>
         <rate>60</rate>
         <x>0</x>
         <y>0</y>
         <rotation>normal</rotation>
         <reflect_x>no</reflect_x>
         <reflect_y>no</reflect_y>
         <primary>yes</primary>
      </output>
   </configuration>
   <configuration>
      <clone>no</clone>
      <output name="Virtual-0">
         <vendor>???</vendor>
         <product>0x0000</product>
         <serial>0x00000000</serial>
         <width>1024</width>
         <height>768</height>
         <rate>60</rate>
         <x>0</x>
         <y>0</y>
         <rotation>normal</rotation>
         <reflect_x>no</reflect_x>
         <reflect_y>no</reflect_y>
         <primary>yes</primary>
      </output>
   </configuration>
   <configuration>
      <clone>no</clone>
      <output name="VGA-0">
         <vendor>???</vendor>
         <product>0x0000</product>
         <serial>0x00000000</serial>
         <width>1024</width>
         <height>768</height>
         <rate>60</rate>
         <x>0</x>
         <y>0</y>
         <rotation>normal</rotation>
         <reflect_x>no</reflect_x>
         <reflect_y>no</reflect_y>
         <primary>yes</primary>
      </output>
   </configuration>
</monitors>
