<?xml version="1.0"?>
<gconf>
	<dir name="schemas">
		<dir name="desktop">
			<dir name="gnome">
				<dir name="url-handlers">
					<dir name="xmpp">
						<entry name="needs_terminal">
							<local_schema short_desc="ടെര്‍മിനലില്‍ കമാന്‍ഡ് പ്രവര്‍ത്തിപ്പിക്കുക">
								<longdesc>ഈ തരത്തിലുള്ള യുആര്‍എല്‍ കൈകാര്യം ചെയ്യുന്നതിനുള്ള കമാന്‍ഡ് ഒരു ടെര്‍മിനലില്‍ പ്രവര്‍ത്തിക്കണമെങ്കില്‍, True ആയിരിക്കണം.</longdesc>
							</local_schema>
						</entry>
						<entry name="command">
							<local_schema short_desc="&quot;xmpp&quot; യുആര്‍എലുകള്‍ക്കുള്ള ഹാന്‍ഡിലര്‍">
								<longdesc>പ്രവര്‍ത്തന സജ്ജമെങ്കില്‍, &quot;xmpp&quot; യുആര്‍എലുകള്‍ കൈകാര്യം ചെയ്യുന്ന കമാന്‍ഡ്.</longdesc>
							</local_schema>
						</entry>
						<entry name="enabled">
							<local_schema short_desc="വ്യക്തമാക്കിയിരിക്കുന്ന കമാന്‍ഡ് &quot;xmpp&quot; യുആര്‍എലുകള്‍ കൈകാര്യം ചെയ്യണമോ എന്നു്">
								<longdesc>&quot;command&quot; കീയില്‍ വ്യക്തമാക്കിയിരിക്കുന്ന കമാന്‍ഡ് True ആണെങ്കില്‍ &quot;xmpp&quot; യുആര്‍എല്‍ കൈകാര്യം ചെയ്യുന്നു.</longdesc>
							</local_schema>
						</entry>
					</dir>
					<dir name="sip">
						<entry name="needs_terminal">
							<local_schema short_desc="ടെര്‍മിനലില്‍ കമാന്‍ഡ് പ്രവര്‍ത്തിപ്പിക്കുക">
								<longdesc>ഈ തരത്തിലുള്ള യുആര്‍എല്‍ കൈകാര്യം ചെയ്യുന്നതിനുള്ള കമാന്‍ഡ് ഒരു ടെര്‍മിനലില്‍ പ്രവര്‍ത്തിക്കണമെങ്കില്‍, True ആയിരിക്കണം.</longdesc>
							</local_schema>
						</entry>
						<entry name="command">
							<local_schema short_desc="&quot;sip&quot; യുആര്‍എലുകള്‍ക്കുള്ള ഹാന്‍ഡിലര്‍">
								<longdesc>പ്രവര്‍ത്തന സജ്ജമെങ്കില്‍, &quot;sip&quot; യുആര്‍എലുകള്‍ കൈകാര്യം ചെയ്യുന്ന കമാന്‍ഡ്.</longdesc>
							</local_schema>
						</entry>
						<entry name="enabled">
							<local_schema short_desc="വ്യക്തമാക്കിയിരിക്കുന്ന കമാന്‍ഡ് &quot;sip&quot; യുആര്‍എലുകള്‍ കൈകാര്യം ചെയ്യണമോ എന്നു്">
								<longdesc>&quot;command&quot; കീയില്‍ വ്യക്തമാക്കിയിരിക്കുന്ന കമാന്‍ഡ് True ആണെങ്കില്‍ &quot;sip&quot; യുആര്‍എല്‍ കൈകാര്യം ചെയ്യുന്നു.</longdesc>
							</local_schema>
						</entry>
					</dir>
					<dir name="irc">
						<entry name="needs_terminal">
							<local_schema short_desc="ടെര്‍മിനലില്‍ കമാന്‍ഡ് പ്രവര്‍ത്തിപ്പിക്കുക">
								<longdesc>ഈ തരത്തിലുള്ള യുആര്‍എല്‍ കൈകാര്യം ചെയ്യുന്നതിനുള്ള കമാന്‍ഡ് ഒരു ടെര്‍മിനലില്‍ പ്രവര്‍ത്തിക്കണമെങ്കില്‍, True ആയിരിക്കണം.</longdesc>
							</local_schema>
						</entry>
						<entry name="command">
							<local_schema short_desc="&quot;irc&quot; യുആര്‍എലുകള്‍ക്കുള്ള ഹാന്‍ഡിലര്‍">
								<longdesc>പ്രവര്‍ത്തന സജ്ജമെങ്കില്‍, &quot;irc&quot; യുആര്‍എലുകള്‍ കൈകാര്യം ചെയ്യുന്ന കമാന്‍ഡ്.</longdesc>
							</local_schema>
						</entry>
						<entry name="enabled">
							<local_schema short_desc="വ്യക്തമാക്കിയിരിക്കുന്ന കമാന്‍ഡ് &quot;irc&quot; യുആര്‍എലുകള്‍ കൈകാര്യം ചെയ്യണമോ എന്നു്">
								<longdesc>&quot;command&quot; കീയില്‍ വ്യക്തമാക്കിയിരിക്കുന്ന കമാന്‍ഡ് True ആണെങ്കില്‍ &quot;irc&quot; യുആര്‍എല്‍ കൈകാര്യം ചെയ്യുന്നു.</longdesc>
							</local_schema>
						</entry>
					</dir>
					<dir name="icq">
						<entry name="needs_terminal">
							<local_schema short_desc="ടെര്‍മിനലില്‍ കമാന്‍ഡ് പ്രവര്‍ത്തിപ്പിക്കുക">
								<longdesc>ഈ തരത്തിലുള്ള യുആര്‍എല്‍ കൈകാര്യം ചെയ്യുന്നതിനുള്ള കമാന്‍ഡ് ഒരു ടെര്‍മിനലില്‍ പ്രവര്‍ത്തിക്കണമെങ്കില്‍, True ആയിരിക്കണം.</longdesc>
							</local_schema>
						</entry>
						<entry name="command">
							<local_schema short_desc="&quot;icq&quot; യുആര്‍എലുകള്‍ക്കുള്ള ഹാന്‍ഡിലര്‍">
								<longdesc>പ്രവര്‍ത്തന സജ്ജമെങ്കില്‍, &quot;icq&quot; യുആര്‍എലുകള്‍ കൈകാര്യം ചെയ്യുന്ന കമാന്‍ഡ്.</longdesc>
							</local_schema>
						</entry>
						<entry name="enabled">
							<local_schema short_desc="വ്യക്തമാക്കിയിരിക്കുന്ന കമാന്‍ഡ് &quot;icq&quot; യുആര്‍എലുകള്‍ കൈകാര്യം ചെയ്യണമോ എന്നു്">
								<longdesc>&quot;command&quot; കീയില്‍ വ്യക്തമാക്കിയിരിക്കുന്ന കമാന്‍ഡ് True ആണെങ്കില്‍ &quot;icq&quot; യുആര്‍എല്‍ കൈകാര്യം ചെയ്യുന്നു.</longdesc>
							</local_schema>
						</entry>
					</dir>
					<dir name="gg">
						<entry name="needs_terminal">
							<local_schema short_desc="ടെര്‍മിനലില്‍ കമാന്‍ഡ് പ്രവര്‍ത്തിപ്പിക്കുക">
								<longdesc>ഈ തരത്തിലുള്ള യുആര്‍എല്‍ കൈകാര്യം ചെയ്യുന്നതിനുള്ള കമാന്‍ഡ് ഒരു ടെര്‍മിനലില്‍ പ്രവര്‍ത്തിക്കണമെങ്കില്‍, True ആയിരിക്കണം.</longdesc>
							</local_schema>
						</entry>
						<entry name="command">
							<local_schema short_desc="&quot;gg&quot; യുആര്‍എലുകള്‍ക്കുള്ള ഹാന്‍ഡിലര്‍">
								<longdesc>പ്രവര്‍ത്തന സജ്ജമെങ്കില്‍, &quot;gg&quot; യുആര്‍എലുകള്‍ കൈകാര്യം ചെയ്യുന്ന കമാന്‍ഡ്.</longdesc>
							</local_schema>
						</entry>
						<entry name="enabled">
							<local_schema short_desc="വ്യക്തമാക്കിയിരിക്കുന്ന കമാന്‍ഡ് &quot;gg&quot; യുആര്‍എലുകള്‍ കൈകാര്യം ചെയ്യണമോ എന്നു്">
								<longdesc>&quot;command&quot; കീയില്‍ വ്യക്തമാക്കിയിരിക്കുന്ന കമാന്‍ഡ് True ആണെങ്കില്‍ &quot;gg&quot; യുആര്‍എല്‍ കൈകാര്യം ചെയ്യുന്നു.</longdesc>
							</local_schema>
						</entry>
					</dir>
					<dir name="aim">
						<entry name="needs_terminal">
							<local_schema short_desc="ടെര്‍മിനലില്‍ കമാന്‍ഡ് പ്രവര്‍ത്തിപ്പിക്കുക">
								<longdesc>ഈ തരത്തിലുള്ള യുആര്‍എല്‍ കൈകാര്യം ചെയ്യുന്നതിനുള്ള കമാന്‍ഡ് ഒരു ടെര്‍മിനലില്‍ പ്രവര്‍ത്തിക്കണമെങ്കില്‍, True ആയിരിക്കണം.</longdesc>
							</local_schema>
						</entry>
						<entry name="command">
							<local_schema short_desc="&quot;aim&quot; യുആര്‍എലുകള്‍ക്കുള്ള ഹാന്‍ഡിലര്‍">
								<longdesc>പ്രവര്‍ത്തന സജ്ജമെങ്കില്‍, &quot;aim&quot; യുആര്‍എലുകള്‍ കൈകാര്യം ചെയ്യുന്ന കമാന്‍ഡ്.</longdesc>
							</local_schema>
						</entry>
						<entry name="enabled">
							<local_schema short_desc="വ്യക്തമാക്കിയിരിക്കുന്ന കമാന്‍ഡ് &quot;aim&quot; യുആര്‍എലുകള്‍ കൈകാര്യം ചെയ്യണമോ എന്നു്">
								<longdesc>&quot;command&quot; കീയില്‍ വ്യക്തമാക്കിയിരിക്കുന്ന കമാന്‍ഡ് True ആണെങ്കില്‍ &quot;aim&quot; യുആര്‍എല്‍ കൈകാര്യം ചെയ്യുന്നു.</longdesc>
							</local_schema>
						</entry>
					</dir>
				</dir>
			</dir>
		</dir>
	</dir>
</gconf>
