<?xml version="1.0"?>
<gconf>
	<dir name="schemas">
		<dir name="desktop">
			<dir name="gnome">
				<dir name="url-handlers">
					<dir name="xmpp">
						<entry name="needs_terminal">
							<local_schema short_desc="Wykonanie polecenie w terminalu">
								<longdesc>Wartość „prawda”, jeśli polecenie użyte do obsługi tego typu adresów URL powinno być wykonywane w terminalu.</longdesc>
							</local_schema>
						</entry>
						<entry name="command">
							<local_schema short_desc="Obsługa adresów URL „xmpp”">
								<longdesc>Polecenie używane do obsługi adresów URL „xmpp”, jeśli włączone.</longdesc>
							</local_schema>
						</entry>
						<entry name="enabled">
							<local_schema short_desc="Czy podane polecenie powinno obsługiwać adresy URL „xmpp”">
								<longdesc>Wartość „prawda”, jeśli polecenie podane w kluczu „command” powinno obsługiwać adresy URL „xmpp”.</longdesc>
							</local_schema>
						</entry>
					</dir>
					<dir name="sip">
						<entry name="needs_terminal">
							<local_schema short_desc="Wykonanie polecenie w terminalu">
								<longdesc>Wartość „prawda”, jeśli polecenie użyte do obsługi tego typu adresów URL powinno być wykonywane w terminalu.</longdesc>
							</local_schema>
						</entry>
						<entry name="command">
							<local_schema short_desc="Obsługa adresów URL „sip”">
								<longdesc>Polecenie używane do obsługi adresów URL „sip”, jeśli włączone.</longdesc>
							</local_schema>
						</entry>
						<entry name="enabled">
							<local_schema short_desc="Czy podane polecenie powinno obsługiwać adresy URL „sip”">
								<longdesc>Wartość „prawda”, jeśli polecenie podane w kluczu „command” powinno obsługiwać adresy URL „sip”.</longdesc>
							</local_schema>
						</entry>
					</dir>
					<dir name="irc">
						<entry name="needs_terminal">
							<local_schema short_desc="Wykonanie polecenie w terminalu">
								<longdesc>Wartość „prawda”, jeśli polecenie użyte do obsługi tego typu adresów URL powinno być wykonywane w terminalu.</longdesc>
							</local_schema>
						</entry>
						<entry name="command">
							<local_schema short_desc="Obsługa adresów URL „irc”">
								<longdesc>Polecenie używane do obsługi adresów URL „irc”, jeśli włączone.</longdesc>
							</local_schema>
						</entry>
						<entry name="enabled">
							<local_schema short_desc="Czy podane polecenie powinno obsługiwać adresy URL „irc”">
								<longdesc>Wartość „prawda”, jeśli polecenie podane w kluczu „command” powinno obsługiwać adresy URL „irc”.</longdesc>
							</local_schema>
						</entry>
					</dir>
					<dir name="icq">
						<entry name="needs_terminal">
							<local_schema short_desc="Wykonanie polecenie w terminalu">
								<longdesc>Wartość „prawda”, jeśli polecenie użyte do obsługi tego typu adresów URL powinno być wykonywane w terminalu.</longdesc>
							</local_schema>
						</entry>
						<entry name="command">
							<local_schema short_desc="Obsługa adresów URL „icq”">
								<longdesc>Polecenie używane do obsługi adresów URL „icq”, jeśli włączone.</longdesc>
							</local_schema>
						</entry>
						<entry name="enabled">
							<local_schema short_desc="Czy podane polecenie powinno obsługiwać adresy URL „icq”">
								<longdesc>Wartość „prawda”, jeśli polecenie podane w kluczu „command” powinno obsługiwać adresy URL „icq”.</longdesc>
							</local_schema>
						</entry>
					</dir>
					<dir name="gg">
						<entry name="needs_terminal">
							<local_schema short_desc="Wykonanie polecenie w terminalu">
								<longdesc>Wartość „prawda”, jeśli polecenie użyte do obsługi tego typu adresów URL powinno być wykonywane w terminalu.</longdesc>
							</local_schema>
						</entry>
						<entry name="command">
							<local_schema short_desc="Obsługa adresów URL „gg”">
								<longdesc>Polecenie używane do obsługi adresów URL „gg”, jeśli włączone.</longdesc>
							</local_schema>
						</entry>
						<entry name="enabled">
							<local_schema short_desc="Czy podane polecenie powinno obsługiwać adresy URL „gg”">
								<longdesc>Wartość „prawda”, jeśli polecenie podane w kluczu „command” powinno obsługiwać adresy URL „gg”.</longdesc>
							</local_schema>
						</entry>
					</dir>
					<dir name="aim">
						<entry name="needs_terminal">
							<local_schema short_desc="Wykonanie polecenie w terminalu">
								<longdesc>Wartość „prawda”, jeśli polecenie użyte do obsługi tego typu adresów URL powinno być wykonywane w terminalu.</longdesc>
							</local_schema>
						</entry>
						<entry name="command">
							<local_schema short_desc="Obsługa adresów URL „aim”">
								<longdesc>Polecenie używane do obsługi adresów URL „aim”, jeśli włączone.</longdesc>
							</local_schema>
						</entry>
						<entry name="enabled">
							<local_schema short_desc="Czy podane polecenie powinno obsługiwać adresy URL „aim”">
								<longdesc>Wartość „prawda”, jeśli polecenie podane w kluczu „command” powinno obsługiwać adresy URL „aim”.</longdesc>
							</local_schema>
						</entry>
					</dir>
				</dir>
			</dir>
		</dir>
	</dir>
</gconf>
