<?xml version="1.0"?>
<gconf>
	<dir name="schemas">
		<dir name="desktop">
			<dir name="gnome">
				<dir name="url-handlers">
					<dir name="xmpp">
						<entry name="needs_terminal">
							<local_schema short_desc="Executar a orde nun terminal">
								<longdesc>É verdadeiro se a orde usada para manexar este tipo de URL debe ser executado nun terminal.</longdesc>
							</local_schema>
						</entry>
						<entry name="command">
							<local_schema short_desc="O manexador dos URL «xmpp»">
								<longdesc>A orde usada para manexar os URL «xmpp», se está activado.</longdesc>
							</local_schema>
						</entry>
						<entry name="enabled">
							<local_schema short_desc="Indica se a orde especificada debe manexar os URL zxmpp»">
								<longdesc>É verdadeiro se a orde especificada na chave «orde» debe manexar os URL «xmpp».</longdesc>
							</local_schema>
						</entry>
					</dir>
					<dir name="sip">
						<entry name="needs_terminal">
							<local_schema short_desc="Executar a orde nun terminal">
								<longdesc>É verdadeiro se a orde usada para manexar este tipo de URL debe ser executado nun terminal.</longdesc>
							</local_schema>
						</entry>
						<entry name="command">
							<local_schema short_desc="O manexador dos URL «sip»">
								<longdesc>A orde usada para manexar os URL «sip», se está activado.</longdesc>
							</local_schema>
						</entry>
						<entry name="enabled">
							<local_schema short_desc="Indica se a orde especificada debe manexar os URL «sip»">
								<longdesc>É verdadeiro se a orde especificada na chave «orde» debe manexar os URL «sip».</longdesc>
							</local_schema>
						</entry>
					</dir>
					<dir name="irc">
						<entry name="needs_terminal">
							<local_schema short_desc="Executar a orde nun terminal">
								<longdesc>É verdadeiro se a orde usada para manexar este tipo de URL debe ser executado nun terminal.</longdesc>
							</local_schema>
						</entry>
						<entry name="command">
							<local_schema short_desc="O manexador dos URL «irc»">
								<longdesc>A orde usada para manexar os URL «irc»,  se está activado.</longdesc>
							</local_schema>
						</entry>
						<entry name="enabled">
							<local_schema short_desc="Indica se a orde especificada debe manexar os URL «irc»">
								<longdesc>É verdadeiro se a orde especificada na chave «orde» debe manexar os URL «irc».</longdesc>
							</local_schema>
						</entry>
					</dir>
					<dir name="icq">
						<entry name="needs_terminal">
							<local_schema short_desc="Executar a orde nun terminal">
								<longdesc>É verdadeiro se a orde usada para manexar este tipo de URL debe ser executado nun terminal.</longdesc>
							</local_schema>
						</entry>
						<entry name="command">
							<local_schema short_desc="O manexador dos URL «icq»">
								<longdesc>A orde usada para manexar os URL «icq»,  se está activado.</longdesc>
							</local_schema>
						</entry>
						<entry name="enabled">
							<local_schema short_desc="Indica se a orde especificada debe manexar os URL «icq»">
								<longdesc>É verdadeiro se a orde especificada na chave «orde» debe manexar os URL «icq».</longdesc>
							</local_schema>
						</entry>
					</dir>
					<dir name="gg">
						<entry name="needs_terminal">
							<local_schema short_desc="Executar a orde nun terminal">
								<longdesc>É verdadeiro se a orde usada para manexar este tipo de URL debe ser executado nun terminal.</longdesc>
							</local_schema>
						</entry>
						<entry name="command">
							<local_schema short_desc="O manexador dos URL «gg»">
								<longdesc>A orde usada para manexar os URL «gg»,  se está activado.</longdesc>
							</local_schema>
						</entry>
						<entry name="enabled">
							<local_schema short_desc="Indica se a orde especificada debe manexar os URL «gg»">
								<longdesc>É verdadeiro se a orde especificada na chave «orde» debe manexar os URL «gg».</longdesc>
							</local_schema>
						</entry>
					</dir>
					<dir name="aim">
						<entry name="needs_terminal">
							<local_schema short_desc="Executar a orde nun terminal">
								<longdesc>É verdadeiro se a orde usada para manexar este tipo de URL debe ser executado nun terminal.</longdesc>
							</local_schema>
						</entry>
						<entry name="command">
							<local_schema short_desc="O manexador dos URL «aim»">
								<longdesc>A orde usada para manexar os URL «aim», se está activado.</longdesc>
							</local_schema>
						</entry>
						<entry name="enabled">
							<local_schema short_desc="Indica se a orde especificada debe manexar os URL «aim»">
								<longdesc>É verdadeiro se a orde especificada na chave «orde» debe manexar os URL «aim».</longdesc>
							</local_schema>
						</entry>
					</dir>
				</dir>
			</dir>
		</dir>
	</dir>
</gconf>
