<?xml version="1.0"?>
<gconf>
	<dir name="schemas">
		<dir name="desktop">
			<dir name="gnome">
				<dir name="url-handlers">
					<dir name="xmpp">
						<entry name="needs_terminal">
							<local_schema short_desc="Kör kommandot i en terminal">
								<longdesc>Sant om kommandot som används för att hantera denna sortens URL:er ska köras i en terminal.</longdesc>
							</local_schema>
						</entry>
						<entry name="command">
							<local_schema short_desc="Hanteraren för &quot;xmpp&quot; URL:er">
								<longdesc>Kommandot för att hantera &quot;xmpp&quot; URL:er, om aktiverat.</longdesc>
							</local_schema>
						</entry>
						<entry name="enabled">
							<local_schema short_desc="Om det specifika kommandot ska hantera &quot;xmpp&quot; URL:er">
								<longdesc>Sant om kommandot i nyckeln &quot;kommando&quot; ska hantera &quot;xmpp&quot; URL:er.</longdesc>
							</local_schema>
						</entry>
					</dir>
					<dir name="sip">
						<entry name="needs_terminal">
							<local_schema short_desc="Kör kommandot i en terminal">
								<longdesc>Sant om kommandot som används för att hantera denna sortens URL:er ska köras i en terminal.</longdesc>
							</local_schema>
						</entry>
						<entry name="command">
							<local_schema short_desc="Hanteraren för &quot;sip&quot; URL:er">
								<longdesc>Kommandot för att hantera &quot;sip&quot; URL:er, om aktiverat.</longdesc>
							</local_schema>
						</entry>
						<entry name="enabled">
							<local_schema short_desc="Om det specifika kommandot ska hantera &quot;sip&quot; URL:er">
								<longdesc>Sant om kommandot i nyckeln &quot;kommando&quot; ska hantera &quot;sip&quot; URL:er</longdesc>
							</local_schema>
						</entry>
					</dir>
					<dir name="irc">
						<entry name="needs_terminal">
							<local_schema short_desc="Kör kommandot i en terminal">
								<longdesc>Sant om kommandot som används för att hantera denna sortens URL:er ska köras i en terminal.</longdesc>
							</local_schema>
						</entry>
						<entry name="command">
							<local_schema short_desc="Hanteraren för &quot;irc&quot; URL:er">
								<longdesc>Kommandot för att hantera &quot;irc&quot; URL:er, om aktiverat.</longdesc>
							</local_schema>
						</entry>
						<entry name="enabled">
							<local_schema short_desc="Om det specifika kommandot ska hantera &quot;irc&quot; URL:er">
								<longdesc>Sant om kommandot i nyckeln &quot;kommando&quot; ska hantera &quot;irc&quot; URL:er</longdesc>
							</local_schema>
						</entry>
					</dir>
					<dir name="icq">
						<entry name="needs_terminal">
							<local_schema short_desc="Kör kommandot i en terminal">
								<longdesc>Sant om kommandot som används för att hantera denna sortens URL:er ska köras i en terminal.</longdesc>
							</local_schema>
						</entry>
						<entry name="command">
							<local_schema short_desc="Hanteraren för &quot;icq&quot; URL:er">
								<longdesc>Kommandot för att hantera &quot;icq&quot; URL:er, om aktiverat.</longdesc>
							</local_schema>
						</entry>
						<entry name="enabled">
							<local_schema short_desc="Om det specifika kommandot ska hantera &quot;icq&quot; URL:er">
								<longdesc>Sant om kommandot i nyckeln &quot;kommando&quot; ska hantera &quot;icq&quot; URL:er</longdesc>
							</local_schema>
						</entry>
					</dir>
					<dir name="gg">
						<entry name="needs_terminal">
							<local_schema short_desc="Kör kommandot i en terminal">
								<longdesc>Sant om kommandot som används för att hantera denna sortens URL:er ska köras i en terminal.</longdesc>
							</local_schema>
						</entry>
						<entry name="command">
							<local_schema short_desc="Hanteraren för &quot;gg&quot; URL:er">
								<longdesc>Kommandot för att hantera &quot;gg&quot; URL:er, om aktiverat.</longdesc>
							</local_schema>
						</entry>
						<entry name="enabled">
							<local_schema short_desc="Om det specifika kommandot ska hantera &quot;gg&quot; URL:er">
								<longdesc>Sant om kommandot i nyckeln &quot;kommando&quot; ska hantera &quot;gg&quot; URL:er</longdesc>
							</local_schema>
						</entry>
					</dir>
					<dir name="aim">
						<entry name="needs_terminal">
							<local_schema short_desc="Kör kommandot i en terminal">
								<longdesc>Sant om kommandot som används för att hantera denna sortens URL:er ska köras i en terminal.</longdesc>
							</local_schema>
						</entry>
						<entry name="command">
							<local_schema short_desc="Hanteraren för &quot;aim&quot; URL:er">
								<longdesc>Kommandot för att hantera &quot;aim&quot; URL:er, om aktiverat.</longdesc>
							</local_schema>
						</entry>
						<entry name="enabled">
							<local_schema short_desc="Om det specifika kommandot ska hantera &quot;aim&quot; URL:er.">
								<longdesc>Sant om kommandot i nyckeln &quot;kommando&quot; ska hantera &quot;aim&quot; URL:er.</longdesc>
							</local_schema>
						</entry>
					</dir>
				</dir>
			</dir>
		</dir>
	</dir>
</gconf>
