<?xml version="1.0"?>
<gconf>
	<dir name="schemas">
		<dir name="desktop">
			<dir name="gnome">
				<dir name="url-handlers">
					<dir name="xmpp">
						<entry name="needs_terminal">
							<local_schema short_desc="टार्मिनाल आव बिथोन सालाय">
								<longdesc>थार जदि बिथोनआ URL नि बे रोखोमखौ हेन्डेल खालामनो बाहायनायखौ टारमिनालाव सालायथार नांगोन।</longdesc>
							</local_schema>
						</entry>
						<entry name="command">
							<local_schema short_desc="&quot;xmpp&quot; URLs नि थाखाय हेन्डेल खालामग्रा">
								<longdesc>म</longdesc>
							</local_schema>
						</entry>
						<entry name="enabled">
							<local_schema short_desc="थि खालाम खानाय बिथोनआ &quot;xmpp&quot; URLs खौ हेन्डेल खालामनो ना खालामा।">
								<longdesc>थार जदि &quot;command&quot;चाबिआव थि खालामनाय बिथोनआ &quot;xmpp&quot; URLs खौ हेन्डेल खालाम थारनांगोन।</longdesc>
							</local_schema>
						</entry>
					</dir>
					<dir name="sip">
						<entry name="needs_terminal">
							<local_schema short_desc="टार्मिनाल आव बिथोन सालाय">
								<longdesc>थार जदि बिथोनआ URL नि बे रोखोमखौ हेन्डेल खालामनो बाहायनायखौ टारमिनालाव सालायथार नांगोन।</longdesc>
							</local_schema>
						</entry>
						<entry name="command">
							<local_schema short_desc="&quot;sip&quot; URLs नि थाखाय हेन्डेल खालामग्रा">
								<longdesc>हायोब्ला, बिथोनआ &quot;sip&quot; URLs खौ हेन्डेल खालामनो बाहायो।</longdesc>
							</local_schema>
						</entry>
						<entry name="enabled">
							<local_schema short_desc="थि खालाम खानाय बिथोनआ &quot;sip&quot; URLs खौ हेन्डेल खालामनो ना खालामा।">
								<longdesc>थार जदि &quot;command&quot;चाबिआव थि खालामनाय बिथोनआ &quot;sip&quot; URLs खौ हेन्डेल खालाम थारनांगोन।</longdesc>
							</local_schema>
						</entry>
					</dir>
					<dir name="irc">
						<entry name="needs_terminal">
							<local_schema short_desc="टार्मिनाल आव बिथोन सालाय">
								<longdesc>थार जदि बिथोनआ URL नि बे रोखोमखौ हेन्डेल खालामनो बाहायनायखौ टारमिनालाव सालायथार नांगोन।</longdesc>
							</local_schema>
						</entry>
						<entry name="command">
							<local_schema short_desc="&quot;irc&quot; URL नि थाखाय हेन्डेल खालामग्रा">
								<longdesc>हायोब्ला, बिथोनआ &quot;irc&quot; URLs खौ हेन्डेल खालामनो बाहायो।</longdesc>
							</local_schema>
						</entry>
						<entry name="enabled">
							<local_schema short_desc="थि खालाम खानाय बिथोनआ &quot;irc&quot; URLs खौ हेन्डेल खालामनो ना खालामा।">
								<longdesc>थार जदि &quot;command&quot;चाबिआव थि खालामनाय बिथोनआ &quot;irc&quot; URLs खौ हेन्डेल खालाम थारनांगोन।</longdesc>
							</local_schema>
						</entry>
					</dir>
					<dir name="icq">
						<entry name="needs_terminal">
							<local_schema short_desc="टार्मिनाल आव बिथोन सालाय">
								<longdesc>थार जदि बिथोनआ URL नि बे रोखोमखौ हेन्डेल खालामनो बाहायनायखौ टारमिनालाव सालायथार नांगोन।</longdesc>
							</local_schema>
						</entry>
						<entry name="command">
							<local_schema short_desc="&quot;icq&quot; URLs नि थाखाय हेन्डेल खालामग्रा">
								<longdesc>हायोब्ला, बिथोनआ &quot;icq&quot; URLs खौ हेन्डेल खालामनो बाहायो।</longdesc>
							</local_schema>
						</entry>
						<entry name="enabled">
							<local_schema short_desc="थि खालाम खानाय बिथोनआ &quot;icq&quot; URLs खौ हेन्डेल खालामनो ना खालामा।">
								<longdesc>थार जदि &quot;command&quot;चाबिआव थि खालामनाय बिथोनआ &quot;icq&quot; URLs खौ हेन्डेल खालाम थारनांगोन।</longdesc>
							</local_schema>
						</entry>
					</dir>
					<dir name="gg">
						<entry name="needs_terminal">
							<local_schema short_desc="टार्मिनाल आव बिथोन सालाय">
								<longdesc>थार जदि बिथोनआ URL नि बे रोखोमखौ हेन्डेल खालामनो बाहायनायखौ टारमिनालाव सालायथार नांगोन।</longdesc>
							</local_schema>
						</entry>
						<entry name="command">
							<local_schema short_desc="&quot;gg&quot; URLs नि थाखाय हेन्डेल खालामग्रा">
								<longdesc>हायोब्ला, बिथोनआ &quot;gg&quot; URLs खौ हेन्डेल खालामनो बाहायो।</longdesc>
							</local_schema>
						</entry>
						<entry name="enabled">
							<local_schema short_desc="थि खालाम खानाय बिथोनआ &quot;gg&quot; URLs खौ हेन्डेल खालामनो ना खालामा।">
								<longdesc>थार जदि &quot;command&quot;चाबिआव थि खालामनाय बिथोनआ &quot;gg&quot; URLs खौ हेन्डेल खालाम थारनांगोन।</longdesc>
							</local_schema>
						</entry>
					</dir>
					<dir name="aim">
						<entry name="needs_terminal">
							<local_schema short_desc="टार्मिनाल आव बिथोन सालाय">
								<longdesc>थार जदि बिथोनआ URL नि बे रोखोमखौ हेन्डेल खालामनो बाहायनायखौ टारमिनालाव सालायथार नांगोन।</longdesc>
							</local_schema>
						</entry>
						<entry name="command">
							<local_schema short_desc="&quot;aim&quot; URLs नि थाखाय हेन्डेल खालामग्रा">
								<longdesc>हायोब्ला, बिथोनआ &quot;aim&quot; URLs खौ हेन्डेल खालामनो बाहायो।</longdesc>
							</local_schema>
						</entry>
						<entry name="enabled">
							<local_schema short_desc="थि खालाम खानाय बिथोनआ &quot;aim&quot; URLs खौ हेन्डेल खालामनो ना खालामा।">
								<longdesc>थार जदि &quot;command&quot;चाबिआव थि खालामनाय बिथोनआ &quot;aim&quot; URLs खौ हेन्डेल खालाम थारनांगोन।</longdesc>
							</local_schema>
						</entry>
					</dir>
				</dir>
			</dir>
		</dir>
	</dir>
</gconf>
